Type	cluster_0	cluster_1	cluster_2	cluster_3	cluster_4	cluster_5	cluster_6	cluster_7	cluster_8	cluster_9	cluster_10	cluster_11	cluster_12	cluster_13	cluster_14	cluster_15	cluster_16	cluster_17	cluster_18	cluster_19	cluster_20	cluster_21	cluster_22	cluster_23	cluster_24	cluster_25	cluster_26	cluster_27	cluster_28	cluster_29	cluster_30	cluster_31	cluster_32	cluster_33	cluster_34	cluster_35	cluster_36	cluster_37	cluster_38	cluster_39	cluster_40	cluster_41	cluster_42	cluster_43	cluster_44	cluster_45	cluster_46	cluster_47	cluster_48	cluster_49	cluster_50	cluster_51	cluster_52	cluster_53	cluster_54	cluster_55	cluster_56	cluster_57	cluster_58	cluster_59	cluster_60	cluster_61	cluster_62	cluster_63	cluster_64	cluster_65	cluster_66	cluster_67	cluster_68	cluster_69	cluster_70	cluster_71	cluster_72	cluster_73	cluster_74	cluster_75	cluster_76	cluster_77	cluster_78	cluster_79	cluster_80	cluster_81	cluster_82	cluster_83	cluster_84	cluster_85	cluster_86	cluster_87	cluster_88	cluster_89	cluster_90	cluster_91	cluster_92	cluster_93	cluster_94	cluster_95	cluster_96	cluster_97	cluster_98	cluster_99	cluster_100	cluster_101	cluster_102	cluster_103	cluster_104	cluster_105	cluster_106	cluster_107	cluster_108	cluster_109	cluster_110	cluster_111	cluster_112	cluster_113	cluster_114	cluster_115	cluster_116	cluster_117	cluster_118	cluster_119	cluster_120	cluster_121	cluster_122	cluster_123	cluster_124	cluster_125	cluster_126	cluster_127	cluster_128	cluster_129	cluster_130	cluster_131	cluster_132	cluster_133	cluster_134	cluster_135	cluster_136	cluster_137	cluster_138	cluster_139	cluster_140	cluster_141	cluster_142	cluster_143	cluster_144	cluster_145	cluster_146	cluster_147	cluster_148	cluster_149	cluster_150	cluster_151	cluster_152	cluster_153	cluster_154	cluster_155	cluster_156	cluster_157	cluster_158	cluster_159	cluster_160	cluster_161	cluster_162	cluster_163	cluster_164	cluster_165	cluster_166	cluster_167	cluster_168	cluster_169	cluster_170	cluster_171	cluster_172	cluster_173	cluster_174
A[C>A]A	0	0	0	54886	0	0	0	0	0	0	0	13859	81	42756	0	0	0	0	0	0	0	20928	119740	0	0	0	0	0	0	0	8	0	0	0	0	0	0	0	0	0	0	0	0	0	0	0	0	0	0	1	0	0	0	0	0	0	0	0	182	0	0	0	151	96	0	0	0	0	0	34154	10105	0	0	0	0	0	369	0	0	0	0	0	0	0	4	0	0	0	0	0	0	0	229	0	0	0	0	1	0	74	335	0	0	0	0	0	0	28282	39908	0	0	0	40828	0	0	16	22	27695	30132	0	3	0	0	0	235	0	0	0	0	0	0	0	0	0	0	0	66	0	0	111	0	0	0	0	1827	31	105	19	0	0	397	94	264	237	24	0	0	2	0	0	0	1	238	4	7	0	0	68	0	41	199	5	1	0	0
A[C>A]C	0	0	0	0	0	0	0	0	0	0	0	3	15533	0	0	0	0	0	0	9	0	0	0	0	0	0	0	0	0	0	0	0	0	6032	0	0	2	0	0	9	0	27870	0	0	0	0	0	9399	23175	0	0	0	0	0	1	0	0	16801	0	0	0	0	0	0	0	0	0	0	0	0	1	33973	0	0	0	37868	0	0	0	0	0	2012	50343	2	7	0	0	0	0	2	20054	2	0	44365	0	16617	48961	4	1	0	0	0	1	0	0	0	0	0	0	0	0	0	0	0	0	0	0	0	0	0	0	8	2	0	0	0	0	0	0	0	3	0	0	0	3	1	11	0	3	0	0	0	0	1	8	5	5	3	0	0	2	7	0	8	37	0	0	0	0	0	0	0	0	0	0	0	0	0	0	2	3	2	0	0	2
A[C>A]G	0	0	0	0	0	0	0	0	0	0	0	4617	34	0	0	0	0	0	0	0	0	0	0	0	0	0	0	0	0	0	0	6	0	0	0	0	0	0	0	0	0	0	0	0	4	0	0	0	0	0	0	0	0	0	0	0	0	0	0	0	0	0	0	0	0	0	0	0	0	8717	11761	1	0	0	0	0	0	0	0	0	0	0	0	0	13	0	0	1	6	0	0	0	0	1	0	0	0	1	0	0	0	0	1	0	0	0	0	2557	10070	16025	13851	0	4167	7	0	0	0	2813	5012	1	0	0	0	0	191	14	0	30	0	0	0	0	0	0	0	0	29	0	0	100	0	4	0	23	333	31	149	15	0	0	69	35	29	93	17	0	0	0	0	0	0	0	24	0	1	0	0	3	1	42	11	0	0	0	0
A[C>A]T	0	0	0	0	0	0	0	0	0	0	0	8431	65	0	0	0	0	0	0	0	0	0	0	0	0	0	0	0	0	0	0	0	0	0	0	0	0	0	0	0	0	0	0	0	0	0	0	0	0	0	0	0	0	0	0	0	0	0	0	0	0	0	0	0	0	0	0	0	0	32	50834	0	0	0	0	0	0	0	0	0	0	0	0	1	244	0	0	2	1	0	0	0	0	35	0	0	0	19	1	0	0	0	3	0	0	0	0	0	2	137561	81843	0	0	502	0	0	0	0	0	377	3	0	0	0	18	180	0	10	0	0	0	0	0	0	0	0	4	0	0	1	0	462	0	32	2	9	6	8	0	0	3	8	1	65	8	0	0	0	0	0	0	0	2	0	0	0	0	0	0	3	10	0	2	0	0
A[C>G]A	0	0	0	0	0	0	0	0	0	0	0	9	36996	0	0	0	0	0	0	0	0	0	0	0	0	0	0	0	0	0	0	0	0	0	0	0	0	0	0	0	0	0	0	0	0	0	0	0	0	0	0	0	0	0	0	0	0	0	0	0	0	0	0	0	0	0	0	0	0	0	1	0	0	0	0	0	0	0	0	0	0	0	0	0	17	0	0	0	0	0	0	0	0	0	0	0	0	6	0	0	0	0	0	0	0	0	0	0	0	0	0	0	0	0	0	0	0	0	0	0	4	84371	0	0	21076	0	329245	0	0	0	0	0	0	87685	3	66	284	0	0	23220	0	0	0	0	61154	13127	36009	61831	30	405	51354	18959	14387	62341	53052	0	0	0	0	0	0	0	25734	0	0	0	0	16198	0	23980	9758	1	1	0	2
A[C>G]C	0	0	0	0	0	0	0	0	0	0	0	1	36333	0	0	0	0	0	0	4	0	0	0	0	0	0	0	0	0	0	0	0	0	21280	0	0	1	0	0	49	0	94305	0	0	0	0	0	20277	98510	0	0	0	0	0	1	0	0	30282	0	0	0	0	0	0	0	0	0	0	0	0	0	0	0	0	0	48086	0	0	0	0	0	98695	0	0	0	0	0	0	0	0	36946	15	0	0	0	0	0	0	0	0	0	0	0	0	0	0	0	0	0	0	0	0	0	0	0	0	0	0	0	0	4	89954	2	0	0	0	5	0	0	3	6	0	0	117818	12	64	0	3	2	0	0	0	0	0	0	0	0	0	654	241470	0	0	0	0	0	0	0	0	0	0	0	0	0	0	0	0	0	0	0	0	0	2	1	0	0
A[C>G]G	0	0	0	0	0	0	439	0	0	0	0	8711	66	0	287	0	856	0	0	0	0	0	0	0	0	0	0	0	0	0	0	87361	0	0	0	0	0	0	0	0	0	0	0	0	0	0	0	0	0	0	0	0	0	0	0	0	0	0	0	0	0	0	0	0	0	0	0	0	0	15715	8255	0	0	0	0	0	0	0	0	0	0	0	0	0	0	0	0	0	0	0	0	0	0	0	0	0	0	1	0	0	0	0	2	0	0	0	0	7140	18275	0	0	0	9697	0	0	0	0	5879	10936	0	0	0	0	0	210	0	0	0	0	0	0	0	0	0	0	0	14	0	0	270	0	0	0	0	477	2	139	24	0	0	90	7	42	48	5	0	0	1	0	0	0	0	32	0	0	0	0	9	1	27	12	0	0	0	1
A[C>G]T	0	0	0	0	0	0	0	0	0	0	0	8	65803	0	0	0	0	0	0	0	0	0	0	0	0	0	0	0	0	0	0	0	0	0	0	0	0	0	0	0	0	0	0	0	0	0	0	0	0	0	0	0	0	0	0	0	0	0	0	0	0	0	0	0	0	0	0	0	0	0	0	0	0	0	0	0	0	0	0	0	0	0	0	0	0	0	0	0	0	0	0	0	0	3	0	0	0	0	0	0	0	0	0	0	0	0	0	0	0	0	0	0	0	104452	0	0	0	0	0	167897	2	123071	0	18220	50	119787	5	16	0	0	0	0	0	118918	23	159	0	0	0	6	0	397638	0	35	6	1	6	13	1809	555787	0	0	2	0	0	0	0	1	0	0	0	0	0	0	0	0	0	0	4	2	6	2	1	0	0
A[C>T]A	0	0	0	0	0	0	0	0	0	0	0	5	237333	0	0	0	0	0	0	0	0	0	0	0	0	0	0	0	0	0	0	0	78908	0	0	0	0	0	0	0	0	0	0	0	0	0	0	0	0	14	0	0	0	334503	0	0	0	0	62662	0	0	0	16	168568	0	0	0	0	0	0	0	0	0	0	0	0	113	0	0	0	0	0	0	0	4	0	0	0	0	0	0	0	1	0	0	0	0	0	0	0	190236	0	0	0	0	0	0	0	0	0	0	0	0	0	0	692274	329723	0	0	0	5	0	0	0	99935	0	0	0	0	0	0	0	0	0	0	0	768462	0	0	64522	0	0	0	0	249822	0	45355	0	0	0	3	2	55786	1	0	0	1	9	0	0	4	3	533	4	17	0	0	2	0	127155	1275	7	3	0	1
A[C>T]C	0	0	0	0	0	0	0	0	0	0	0	1	370494	0	0	0	0	0	0	14	0	0	0	0	0	0	0	0	0	0	0	0	0	202245	0	0	10	0	0	1290093	0	317731	0	0	0	0	0	161648	446197	0	0	0	0	0	3	4	0	273066	0	0	0	0	0	0	0	0	0	0	0	0	0	607996	0	0	0	528102	0	0	0	0	0	23	0	0	0	0	0	0	0	8	732	439262	0	924192	0	651314	1085476	0	0	0	0	0	0	0	0	0	0	0	0	0	0	0	0	0	0	0	0	0	0	0	11	0	0	0	0	0	0	0	0	3	36	0	0	0	18	3	25	0	0	2	0	0	0	0	7	20	30	9	0	0	10	10	0	30	85	0	0	3	0	0	0	0	1	0	0	0	0	1	0	4	3	6	0	0	3
A[C>T]G	0	0	0	0	0	0	0	0	0	0	0	49897	282	0	0	0	0	0	0	0	0	0	0	0	0	0	0	0	0	0	0	1	0	0	0	0	0	0	0	0	0	0	0	0	2	0	0	0	0	0	0	0	0	0	0	0	0	0	0	0	0	0	0	0	0	0	0	0	0	0	75137	0	0	0	0	0	0	0	0	0	0	0	0	0	0	0	0	0	0	0	0	0	0	101	0	0	0	0	0	0	0	0	0	0	0	0	0	0	4	76698	104036	0	0	31	0	0	0	0	0	1	5	0	0	6	2106	1055	0	254	0	0	0	0	0	0	0	0	574	0	0	462	0	26	0	2095	1945	3	956	17	0	0	5	9	141	3	4	0	0	5	0	0	0	0	147	0	0	0	0	58	156	177	302	1	1	0	1
A[C>T]T	0	0	0	0	0	0	0	0	0	0	0	56911	318	0	0	0	0	0	0	0	0	0	0	0	0	0	0	0	0	0	0	0	0	0	0	0	0	0	0	0	0	0	0	0	0	0	0	0	0	0	0	0	0	0	0	0	0	0	0	0	0	0	0	0	0	0	0	0	0	199	323118	0	0	0	0	0	0	0	0	0	0	0	0	2	1442	0	0	3	28	0	0	0	0	40	0	0	0	1941	17	0	0	0	4	0	0	0	0	1	10	978707	560676	0	0	3151	0	0	0	0	1	2609	4	0	0	89	57	1326	0	30	2	0	0	0	0	0	0	0	5	0	0	6	0	3302	0	71	14	5	29	8	0	0	1	0	11	31	11	0	0	2	0	0	0	0	2	0	0	0	0	4	1	9	14	5	3	0	0
A[T>A]A	0	0	0	45699	0	0	0	0	0	0	0	13270	100	52280	0	0	0	0	0	0	0	31621	162527	0	0	0	0	0	0	0	0	0	95	0	0	0	0	0	0	0	0	0	0	0	0	0	0	0	0	0	0	0	0	0	0	0	0	0	206	0	0	0	2	8	0	0	0	0	0	39842	9988	0	0	0	0	0	368	0	0	0	0	0	0	0	9	0	0	0	0	0	0	0	115	0	0	0	0	19	0	17	119	0	0	0	0	0	0	30645	30602	0	0	0	77835	0	0	45	46	26879	56619	0	3	0	0	0	99	0	0	0	0	0	0	0	0	0	0	0	209	0	0	71	0	0	0	0	397	36	34	161	0	0	557	115	25	153	26	0	0	2	0	0	4	1	70	1	5	0	0	8	0	48	57	2	0	0	1
A[T>A]C	0	0	0	0	0	0	0	0	0	0	0	8	23530	0	0	0	0	0	0	6	0	0	0	0	0	0	0	0	0	0	0	6	0	9659	0	0	0	0	0	11	0	56787	0	0	80971	0	0	8519	28585	0	0	0	0	0	2	0	0	19885	0	0	37121	0	0	0	0	0	0	0	0	0	0	0	0	0	0	42779	0	0	0	0	0	34	137449	0	0	0	0	0	0	95	50591	1	0	0	0	0	0	0	0	0	0	0	0	0	0	0	0	0	0	0	0	0	0	21	0	0	0	0	0	0	2	0	0	0	16	19	0	0	0	2	3	1190	147068	0	4	2	0	1	0	6	0	0	0	0	0	0	0	0	0	0	0	0	9	0	0	0	0	3	0	0	0	0	0	0	0	0	0	0	0	4	0	0	1	0	0
A[T>A]G	0	0	0	0	0	0	0	0	0	0	0	13	25137	0	0	0	0	0	0	0	0	0	0	0	0	0	0	0	0	0	0	0	0	0	0	0	0	0	0	0	0	0	0	0	86373	0	0	0	0	0	0	0	0	0	0	0	0	0	0	0	75820	0	0	0	0	0	0	0	0	0	0	0	0	0	0	0	0	0	0	0	0	0	0	0	26	0	0	0	0	0	0	0	0	0	0	0	0	3	0	0	0	0	0	0	0	0	0	0	0	0	0	0	0	10	0	0	0	0	0	0	1	0	0	7	17284	23	0	0	0	0	0	35	425	0	0	0	227	0	0	20285	0	0	0	0	46343	21613	28060	26620	0	0	35465	35273	17133	54253	36423	0	0	3	0	0	0	0	26471	0	0	0	0	16877	7	15771	16925	0	1	0	1
A[T>A]T	0	0	0	0	0	0	0	0	0	0	0	20	31431	0	0	0	0	0	0	0	0	0	0	0	0	0	0	0	0	0	0	301	0	0	0	0	0	0	0	0	0	0	0	0	96851	0	0	0	0	0	0	0	0	0	0	0	0	0	0	0	55582	0	0	0	0	0	0	0	0	0	0	0	0	0	0	0	0	0	0	0	0	0	0	0	0	0	0	0	0	0	0	0	0	6	0	0	0	0	0	0	0	0	0	0	0	0	0	0	0	0	0	0	0	86245	0	0	0	0	0	83983	89	0	0	9034	82	55501	0	38	0	0	0	1333	321318	0	0	0	4	0	0	11	0	400448	0	77	15	13	9	12	0	0	0	2	13	0	0	0	0	2	0	0	0	0	4	0	0	0	0	0	1	3	6	1	1	0	0
A[T>C]A	0	0	0	0	0	0	0	0	0	0	0	25	222609	0	0	0	0	0	0	0	0	0	0	0	0	0	0	0	0	0	0	0	141498	0	0	0	0	0	0	0	0	0	0	0	0	0	0	0	0	0	0	0	0	561512	0	0	0	0	100661	0	0	0	1	241603	0	0	0	0	0	0	0	0	0	1	0	0	56	0	0	0	0	0	0	0	0	0	0	0	0	0	0	0	552438	0	0	0	0	0	0	1	294796	0	0	0	0	0	0	0	0	0	0	0	0	0	0	525	246326	0	0	0	8	0	0	0	0	0	0	0	0	0	0	0	0	0	466664	414967	0	0	0	0	0	0	0	0	0	0	0	0	0	0	0	0	0	0	0	0	2	4	0	0	426932	515721	0	5	293962	0	0	0	0	0	0	10	0	0	4
A[T>C]C	0	0	0	0	0	0	0	0	0	0	0	5	445723	0	0	0	0	0	0	17	0	0	0	0	0	0	0	0	0	0	0	1	0	322488	0	0	6	0	0	22	375348	16	0	0	0	0	0	212116	537346	0	0	0	0	0	3	1	0	436489	0	0	0	0	0	0	0	0	833975	503191	0	0	0	3	0	0	604619	714	0	0	0	0	0	2	150	0	0	0	0	0	0	644820	197	10	0	0	0	0	0	0	0	0	0	0	0	0	0	0	0	0	0	0	0	0	0	746454	0	0	0	0	0	468094	2	1	0	321362	191	1089516	0	31	999760	3	11	0	0	0	25	4	6	0	0	17	0	9638	830758	48	14	14	18	53	0	0	1	0	8	0	0	0	0	3	0	0	0	0	0	0	0	0	0	1	4	3	5	6	1	0	0
A[T>C]G	0	0	0	0	0	0	0	0	0	0	0	0	52748	0	0	0	0	0	0	0	0	0	0	0	0	0	0	0	0	0	0	32	0	0	0	0	0	0	0	0	0	0	0	0	1	0	0	0	0	0	0	0	0	0	0	0	0	0	0	0	0	0	0	0	0	0	0	0	0	0	0	0	0	0	0	0	0	0	0	0	0	0	0	0	0	0	0	0	0	0	0	0	0	0	0	0	0	0	0	0	0	0	0	0	0	0	0	0	0	0	0	0	0	0	0	0	0	0	0	0	376254	0	0	2	0	0	0	0	0	0	0	0	0	0	0	0	0	0	0	0	74819	0	0	0	0	0	0	0	0	0	0	0	0	0	0	0	0	142216	146094	0	0	0	0	0	0	0	0	0	0	0	0	8	9	0	27
A[T>C]T	0	0	0	0	0	0	0	0	0	0	0	0	36190	0	0	0	0	0	0	0	0	0	0	0	0	0	0	0	0	0	0	0	0	0	0	0	0	0	0	0	0	0	0	0	0	0	0	0	0	0	0	0	0	0	0	0	0	0	0	0	0	0	0	0	0	0	0	0	0	0	0	0	0	0	0	0	0	0	0	0	0	0	0	0	0	0	0	0	0	0	0	0	0	0	0	0	0	0	0	0	0	0	0	0	0	0	0	0	0	0	0	0	0	0	0	0	0	0	0	0	380823	0	0	0	3	0	0	0	0	0	0	0	0	0	0	0	0	0	0	4	71874	0	0	1	0	0	0	0	0	0	0	0	1	0	0	0	0	176708	122382	0	0	0	1	0	0	0	0	1	0	2	1	6	0	0	10
A[T>G]A	0	0	0	0	0	0	0	0	0	0	0	6	67424	0	0	0	0	0	0	0	0	0	0	0	0	0	0	0	0	0	0	0	0	0	0	0	0	0	0	0	0	0	0	0	0	0	0	0	0	0	0	0	0	0	0	0	0	0	0	0	0	0	0	0	0	0	0	0	0	0	0	0	0	0	0	0	0	0	0	0	0	0	0	0	21	0	0	0	0	0	0	0	0	0	0	0	0	4	0	0	0	0	0	0	0	0	0	0	0	0	0	0	0	0	0	0	0	0	0	0	1	0	0	0	23859	0	0	0	0	0	0	0	0	6	126292	133278	219	0	0	23948	0	0	0	0	65742	58041	49876	98741	0	0	101893	85359	14516	105456	81885	0	513965	1	0	0	0	0	49508	35	0	0	0	30453	2	40080	27987	1	0	0	1
A[T>G]C	0	0	0	0	0	0	0	0	0	0	0	1	20945	0	0	0	0	0	0	2	0	0	0	0	0	0	0	0	0	0	0	0	0	14183	0	0	2	0	0	4	0	52973	0	0	0	0	0	11989	54079	0	0	0	0	0	1	0	0	33204	0	0	0	0	0	0	0	0	0	0	0	0	0	0	0	0	0	49912	0	0	0	0	0	120252	0	0	0	0	0	0	0	0	33005	0	0	0	0	0	0	0	0	0	0	0	0	0	0	0	0	0	0	0	0	0	0	0	0	0	0	0	0	0	6	0	2	0	0	0	0	0	0	3	7	0	0	0	80455	65540	0	2	2	0	0	0	0	0	0	0	0	0	0	0	0	0	0	0	0	0	1480	0	0	0	2	5	0	203755	240	0	0	0	0	0	0	1	0	0	0
A[T>G]G	0	0	0	0	0	0	918730	0	0	0	0	109	586189	0	1113336	0	733909	0	0	0	0	0	0	0	0	0	0	0	0	0	0	0	0	0	0	0	0	0	401388	0	0	0	0	0	0	0	0	0	0	0	0	0	0	0	0	0	0	0	0	0	0	0	0	0	0	0	0	0	0	0	1	0	0	0	0	0	0	0	0	0	0	0	0	0	29	416658	471828	0	0	0	0	0	0	0	469745	0	0	0	0	0	0	0	0	0	0	531254	419736	0	0	0	0	0	0	0	0	0	0	0	0	0	7	0	0	0	367514	0	0	0	0	0	0	0	0	0	0	0	469	0	0	298971	0	0	0	0	622545	404818	248259	523705	0	0	551256	505094	180446	509469	330882	0	0	1	1	0	0	0	407768	0	0	0	0	282900	43	299357	208849	4	2	0	0
A[T>G]T	0	0	0	0	0	0	0	0	0	0	0	0	9524	0	0	0	0	0	0	0	0	0	0	0	0	0	0	0	0	0	0	1	0	0	0	0	0	0	0	0	0	0	0	0	0	0	0	0	0	0	0	0	0	0	0	0	0	0	0	0	0	0	0	0	0	0	0	0	0	0	0	0	0	0	0	0	0	0	0	0	0	0	0	0	0	0	0	0	0	0	0	0	0	0	0	0	0	0	0	0	0	0	0	0	0	0	0	0	0	0	0	0	0	0	0	0	0	0	0	1	160245	0	0	0	1	1	0	0	0	0	0	0	0	0	0	0	0	0	0	3	25174	0	0	0	0	0	0	0	0	0	0	0	0	0	0	0	0	80708	41985	0	0	0	0	0	0	0	0	1	0	0	1	2	0	0	5
C[C>A]A	831231	0	0	0	0	0	0	0	0	0	0	30	50142	0	0	0	0	0	0	0	0	0	0	0	0	0	0	0	0	0	1	1	24	0	0	0	0	0	0	0	0	0	0	0	0	0	0	0	0	0	0	0	0	8	0	0	2	0	0	0	0	0	3	0	0	0	0	0	0	0	0	0	0	0	0	0	0	0	0	0	0	0	0	0	0	0	0	0	0	0	0	0	0	0	0	0	0	0	0	0	0	0	0	4	3	0	0	0	0	0	0	0	0	0	0	0	0	0	0	0	9	0	0	0	58318	3	0	149792	0	0	0	0	0	0	0	13	0	0	0	42205	1	0	0	393062	19	0	10	0	0	0	0	0	19320	0	0	0	5	3	0	0	0	0	16	0	0	0	0	37	75512	7	72698	3	1	0	0
C[C>A]C	0	0	0	0	0	0	0	0	0	0	0	3	11838	0	0	0	0	0	21	0	0	0	0	0	0	0	18	0	6	21	0	0	0	0	0	0	0	0	0	0	0	0	0	0	0	0	0	0	0	0	0	0	0	0	0	0	62760	0	0	0	0	56007	0	0	0	0	0	0	0	0	0	0	135	4	0	0	0	0	0	98554	38360	0	0	0	0	0	0	0	0	0	0	0	0	0	0	0	0	0	0	0	0	0	0	0	0	0	0	0	0	0	0	0	0	0	0	0	0	0	0	0	2057	0	27	0	0	0	0	0	0	57528	68999	0	0	0	0	0	0	142506	150	0	56	0	0	0	0	0	0	0	0	0	0	0	0	0	0	0	0	2	12	0	0	0	0	0	0	0	0	0	0	0	0	5	4	0	1
C[C>A]G	2	16820	27282	0	10142	20062	0	3196	4415	6023	7382	4	10696	0	0	16269	0	0	7	0	0	0	0	0	25222	8952	0	0	6	6	0	0	0	0	0	0	0	0	0	0	1	2	0	0	0	0	0	0	0	0	0	0	0	0	0	0	0	0	0	0	0	0	0	0	0	0	0	0	0	0	0	0	0	7	0	0	0	0	0	0	0	0	0	0	0	0	0	0	0	0	0	0	0	0	0	0	0	0	0	0	0	0	0	0	0	0	0	0	0	0	0	1	0	0	2	0	0	0	0	0	2	1	0	0	16624	1	1	26413	0	0	0	0	0	2	0	10	0	1	0	16156	0	0	0	42299	1	0	22	1	0	0	0	0	5528	0	0	0	0	3	0	0	0	0	27	0	0	0	0	11	14575	30	23799	2	0	0	0
C[C>A]T	4	285369	882992	0	428044	598506	0	405997	573256	575718	703982	38	477151	0	0	636826	0	268886	38	0	0	0	0	0	607034	344189	5	7	31	26	0	94	0	0	484254	439071	0	678596	0	0	0	0	523763	403159	43	549003	432120	0	0	0	0	0	0	0	0	0	0	0	0	979716	16	0	0	0	0	0	0	0	59	0	0	0	0	45	0	0	0	442104	576471	0	0	0	0	0	0	0	0	0	0	0	0	0	0	0	0	0	0	0	0	0	0	0	0	0	0	0	0	0	0	0	0	11	0	1	12	0	0	0	0	0	4	42	3	11	7	12	1	0	0	0	0	0	0	7	28	35	0	0	0	20	0	0	0	0	0	0	0	0	0	0	0	0	2	0	0	0	0	3	0	3	0	0	0	0	0	0	6	0	0	0	0	4	2	0	0
C[C>G]A	0	0	0	0	0	0	0	0	0	0	0	0	5729	0	0	0	0	0	0	0	0	0	0	0	0	0	0	0	0	0	0	0	0	0	0	0	0	0	0	0	0	0	0	0	0	0	0	0	0	0	0	0	0	0	0	0	28726	0	0	0	0	15616	0	0	0	0	0	0	0	0	0	0	46378	25408	0	0	0	0	0	278	14301	0	0	0	0	0	0	0	0	0	0	0	0	0	0	0	0	0	0	0	0	0	0	0	0	0	0	0	0	0	0	24706	0	0	9064	0	0	0	0	0	1098	1	0	0	1	0	0	0	0	0	0	0	0	0	16	0	0	0	0	1	26	0	0	4	0	0	0	0	0	0	0	0	0	0	0	0	0	0	6	71	0	0	0	0	0	0	35073	0	0	0	0	2	8	0	1
C[C>G]C	0	0	0	0	0	0	0	0	0	0	0	2	6502	0	0	0	0	0	0	0	0	0	0	0	0	0	0	0	0	0	0	0	0	0	0	0	1	0	0	0	0	0	0	0	0	0	0	0	0	0	1	0	0	0	0	2	26066	0	0	0	0	24960	0	0	0	0	0	0	0	0	0	0	26	0	0	0	0	0	0	38757	17051	0	0	0	0	0	0	0	0	0	0	0	0	0	0	0	0	0	0	0	0	0	0	0	0	0	0	0	0	0	0	0	0	0	0	0	0	0	0	0	801	1	54264	0	0	0	0	0	0	311	27398	0	0	1	1	0	0	265	3	0	16	0	0	0	0	0	0	0	0	0	0	0	0	0	0	0	0	1	4	0	0	0	0	0	0	0	0	0	0	0	0	1	2	0	0
C[C>G]G	0	0	0	0	0	0	27574	0	0	0	0	7	22155	0	52523	0	143873	0	0	0	0	0	0	0	0	0	0	0	0	0	0	0	0	0	0	0	0	0	0	0	0	0	0	0	0	0	0	0	0	0	0	0	0	0	0	0	0	0	0	0	0	0	0	0	0	0	0	0	0	0	0	0	0	0	0	0	0	0	0	0	0	0	0	0	0	0	0	0	0	0	0	0	0	0	0	0	0	0	0	0	0	0	0	0	0	0	0	0	0	0	0	0	0	0	0	0	0	0	0	0	1	0	0	0	16075	11	0	29513	0	0	0	0	0	0	0	0	0	0	0	13194	1	0	0	90125	2	0	37	0	0	0	0	0	7978	0	0	0	0	0	2	0	0	0	31	0	0	0	0	39	27309	10	36990	6	7	0	1
C[C>G]T	0	0	0	0	0	0	0	0	0	0	0	0	9373	0	0	0	0	0	0	0	0	0	0	0	0	0	0	0	0	0	0	13	0	0	2	0	0	0	0	0	0	0	0	0	1	0	0	0	0	0	0	0	0	0	0	0	0	0	0	0	1	0	0	0	0	0	0	0	0	0	0	0	0	0	0	0	0	0	0	0	0	0	0	0	0	0	0	0	0	0	0	0	0	0	0	0	0	0	0	0	0	0	0	0	0	0	0	0	0	0	0	0	0	0	0	0	0	0	0	0	1191	0	98556	0	0	0	0	0	0	922	25747	0	0	1	0	0	0	210	4	0	33169	0	0	0	0	0	0	0	0	2	0	0	0	0	0	0	0	72857	55877	0	0	0	0	0	0	0	0	0	0	0	0	0	48	0	6
C[C>T]A	0	0	0	0	0	0	0	0	0	0	0	7	79275	0	0	0	0	0	0	0	0	0	0	0	0	0	0	0	0	0	14	0	33	0	0	0	0	0	0	0	0	0	0	0	0	0	0	0	0	0	0	0	0	13	0	0	343143	0	42	0	0	256141	41	0	0	0	0	0	0	0	0	0	687395	297123	0	0	22	0	0	1782	233598	0	0	0	0	0	0	0	0	0	0	0	0	0	0	0	0	0	0	0	0	0	0	12	14	0	0	0	0	0	0	325124	0	0	166080	0	0	0	0	0	7081	17	3	0	0	0	0	0	0	0	1	0	0	0	32	1	0	1	1	0	99	0	0	0	0	0	0	0	0	0	0	0	0	0	0	0	0	3	41	23	0	0	0	0	0	1	717052	0	0	0	0	9	37	0	2
C[C>T]C	0	0	0	0	0	0	0	0	0	0	0	22	74606	0	0	0	0	0	0	0	0	0	0	0	0	0	0	0	0	0	0	0	0	0	0	0	0	0	0	0	0	0	0	0	0	0	0	0	0	67	0	1	0	0	0	0	279486	0	0	0	0	311770	0	0	0	0	0	0	0	0	0	0	188	0	0	0	0	0	0	582621	261063	0	0	4	3	0	0	0	0	0	0	0	0	0	0	0	0	0	2	0	0	7	0	0	0	0	0	0	0	0	0	0	0	0	0	0	0	0	0	0	5321	0	787441	0	0	0	6	0	0	284181	414735	0	0	0	0	0	0	3001	109	0	79	0	0	0	0	0	0	0	0	0	0	0	0	0	0	0	0	2	64	0	0	0	0	0	0	0	0	0	0	0	0	10	19	0	4
C[C>T]G	0	0	0	0	0	0	0	0	0	0	0	50	44961	0	0	0	0	0	0	0	0	0	0	0	0	0	0	0	0	0	0	0	0	0	0	0	0	0	0	0	0	0	0	0	0	0	0	0	0	0	0	0	0	0	0	0	0	0	0	0	0	0	0	0	0	0	0	0	0	0	0	0	0	0	0	0	0	0	0	0	0	0	0	0	0	0	0	0	0	0	0	0	0	0	0	0	0	0	0	0	0	0	0	0	0	0	0	0	0	0	0	0	0	0	0	0	0	0	0	0	17	0	0	0	106440	8	0	158803	0	0	2	0	0	0	0	0	0	0	0	77522	2	0	0	267483	374	0	9	0	0	0	0	0	53070	0	0	0	0	3	0	0	1	0	58	0	0	0	0	72	74535	4446	149293	11	5	1	5
C[C>T]T	0	0	0	0	0	0	0	0	0	0	0	66	158324	0	0	0	0	147120	0	0	0	0	0	0	0	0	0	0	0	0	0	160	0	0	222207	249436	0	491586	0	0	0	0	195	366850	42	213492	103660	0	0	0	0	0	405578	0	0	0	0	0	0	221484	20	0	0	0	0	0	0	0	398330	0	0	0	0	0	0	0	0	284	42	0	0	0	0	202516	792371	0	0	265223	245998	0	0	0	0	0	0	0	0	487742	520800	0	0	403303	282637	0	0	0	0	0	0	0	0	0	0	1	0	0	0	0	0	0	9	0	0	16	11	21	0	0	0	0	0	0	1	0	0	0	0	0	0	45	0	0	0	0	0	0	3	0	0	0	0	0	2	0	0	0	0	3	0	0	0	0	0	0	0	0	0	0	0	1	0	5	0	0	0
C[T>A]A	0	0	0	41756	0	0	0	0	0	0	0	8313	70	37308	0	0	0	0	0	0	0	20353	108970	0	0	0	0	0	0	0	0	205192	308	0	0	0	0	0	0	0	0	0	0	0	0	0	0	0	0	3	0	0	0	0	0	0	0	0	186	0	0	0	8	3	0	0	0	0	0	0	0	0	0	0	0	0	104	0	0	0	0	0	0	0	0	0	0	0	0	0	0	0	0	0	0	0	0	0	0	148	222	0	0	0	0	0	0	0	0	0	0	0	0	1	0	6	4	0	0	0	0	0	0	0	121	295	0	74	0	0	0	0	0	0	0	0	0	0	0	75	0	0	0	363	0	0	0	0	0	0	0	0	94	0	0	0	0	1	0	0	1	0	1	0	2	0	0	1	24	1	63	2	0	0	0
C[T>A]C	0	0	0	0	0	0	0	0	0	0	0	2	78321	0	0	0	0	0	0	0	0	0	0	0	0	0	0	0	0	0	0	25	0	0	0	0	224144	0	0	0	0	0	0	0	258010	0	0	0	0	0	0	1	0	0	442237	202734	0	0	0	0	170499	0	0	0	0	0	0	0	0	0	0	0	0	0	0	0	0	0	0	0	0	0	0	0	0	0	0	0	0	0	0	0	0	0	0	0	0	0	0	0	0	0	0	0	0	0	0	0	0	0	0	0	0	16	0	0	0	0	0	0	10	0	0	6	8	26	0	0	0	0	0	591339	10	0	0	0	0	0	0	21	0	0	0	0	0	0	0	0	0	0	0	0	1	0	0	0	0	1	0	0	0	0	0	0	0	0	0	0	0	0	0	1	0	0	0
C[T>A]G	0	0	0	0	0	0	0	0	0	0	0	10	32519	0	0	0	0	0	0	0	0	0	0	0	0	0	0	0	0	0	0	8	0	0	0	0	0	0	0	0	0	0	0	0	193233	0	0	0	0	0	0	0	0	0	0	0	0	0	0	0	116736	0	0	0	0	0	0	0	0	0	0	0	0	0	0	0	0	0	0	0	0	0	0	0	0	0	0	0	0	0	0	0	0	0	0	0	0	0	0	0	0	0	0	0	0	0	0	0	0	0	0	0	0	4	0	0	0	0	0	0	2	0	0	16	44687	31	0	88540	0	0	0	340	1	0	0	0	0	0	0	31273	0	0	0	302686	4	0	48	0	0	0	0	0	24584	0	0	0	0	3	0	0	0	0	10	0	0	0	0	48	112057	6	89013	4	1	0	4
C[T>A]T	0	0	0	0	0	0	0	0	0	0	0	15	25154	0	0	0	0	24855	0	0	0	0	0	0	0	0	0	0	0	0	0	282	0	0	28899	27042	0	64911	0	0	0	0	40721	30290	105221	48779	22166	0	0	0	0	0	0	0	0	0	0	0	0	51104	56640	0	0	0	0	0	0	0	17	0	0	0	0	0	0	0	0	40044	45656	0	0	0	0	0	0	0	0	0	0	0	0	0	0	0	0	0	0	0	0	0	0	0	0	0	0	0	0	0	0	0	0	0	0	9	0	0	0	0	0	0	50	0	0	39	11	39	0	5	0	0	0	279936	3	0	0	0	0	0	0	18	0	0	0	0	0	0	0	0	0	0	0	0	3	0	0	0	0	6	0	0	0	0	0	0	0	0	0	0	0	0	0	0	185	57	792
C[T>C]A	0	0	0	69481	0	0	1042	0	0	0	0	21896	126	58537	903	0	1765	0	0	0	0	24626	147192	0	0	0	0	0	0	0	0	300900	282	0	0	0	0	0	0	0	0	0	0	0	0	0	0	0	0	0	0	0	0	389	0	0	0	0	754	0	0	0	163	55	0	0	0	0	0	0	0	0	0	0	0	0	2549	0	0	0	0	0	0	1	0	0	275	0	0	0	0	0	2	0	0	0	0	0	0	494	31	0	0	0	6	0	34	0	0	0	0	0	0	0	0	1	4	0	0	0	1	0	0	0	0	0	0	0	0	0	0	0	0	0	0	0	0	0	0	0	0	0	0	0	0	0	0	0	0	0	0	0	0	0	0	0	0	1	0	0	6	0	0	1	2	0	0	0	0	0	0	4	0	0	1
C[T>C]C	0	0	0	0	0	0	0	0	0	0	0	18266	85	0	0	0	0	0	0	0	0	0	0	0	0	0	0	0	0	0	0	251037	0	0	0	0	2	0	0	0	0	0	0	0	0	0	0	0	0	0	27	138	0	0	3	5	0	0	0	0	0	0	0	0	0	0	0	0	0	55063	30	0	0	0	0	0	0	0	0	0	0	0	0	0	3	0	0	0	0	0	0	0	0	0	0	0	0	13	0	0	0	0	0	0	0	0	0	44258	771	0	0	0	47930	0	0	0	0	54569	26388	0	59	0	0	0	142	0	0	0	0	0	0	0	0	0	0	0	49	0	0	91	4	0	0	0	36	1	305	91	0	0	870	91	343	62	6	0	0	0	0	0	0	0	332	0	0	0	0	103	1	541	135	3	0	0	1
C[T>C]G	0	0	0	0	0	0	101713	0	0	0	0	44	38139	0	90351	0	71895	0	0	0	0	0	0	0	0	0	0	0	0	0	0	0	0	0	0	0	0	0	0	0	0	0	0	0	0	0	0	0	0	0	0	0	0	0	0	0	0	0	0	0	0	0	0	0	0	0	0	0	0	0	0	0	0	0	0	0	0	0	0	0	0	0	0	0	0	14282	18515	0	0	0	0	0	0	0	0	0	0	0	0	0	0	0	0	0	0	0	60871	0	0	0	0	0	0	0	0	0	0	0	0	0	9	0	0	0	48932	9	0	53302	0	0	0	0	0	0	0	0	0	0	0	16379	0	0	0	130528	247	0	24	0	0	0	0	0	14941	0	0	0	0	8	0	0	0	0	172	0	0	0	0	1413	49876	30	71169	10	1	0	1
C[T>C]T	0	0	0	0	0	0	163465	0	0	0	0	58	63278	0	106011	0	164259	0	0	0	0	0	0	0	0	0	0	0	0	0	0	44	0	0	0	0	0	0	24878	0	0	0	0	0	0	0	0	0	0	0	0	0	0	0	0	0	0	0	0	0	0	0	0	0	0	0	0	0	0	0	0	0	0	0	0	0	0	0	0	0	0	0	0	0	4	53416	112626	0	0	0	0	0	0	0	40	0	0	1	0	0	0	0	0	0	0	791	271318	0	0	0	0	0	0	0	0	0	0	0	0	0	89	0	0	0	38813	0	0	2	0	0	0	0	0	0	0	0	93	0	0	57448	0	0	0	59	91249	53943	65868	104272	0	0	104103	67625	22843	105913	78387	0	0	6	1	0	0	0	15188	0	0	0	0	3213	14757	45873	25988	4	1285	4704	318
C[T>G]A	0	0	0	0	0	0	0	0	0	0	0	3	5422	0	0	0	0	0	0	0	0	0	0	0	0	0	0	0	0	0	0	0	0	0	0	0	0	0	0	0	0	0	0	0	0	0	0	0	0	0	0	0	0	0	0	0	0	0	0	0	0	0	0	0	0	0	0	0	0	0	0	0	0	0	0	0	0	0	0	0	0	0	0	0	0	0	0	0	0	0	0	0	0	0	0	0	0	0	0	0	0	0	0	0	0	0	0	0	0	0	0	0	0	0	0	0	0	0	0	0	0	0	0	0	5528	3	0	10263	0	0	0	0	0	1	21003	13549	0	0	0	4626	0	0	0	55476	26	0	0	0	0	0	0	0	2910	0	0	0	51279	0	0	0	0	1	3	48	0	0	0	43	10635	0	7573	0	0	0	0
C[T>G]C	0	0	0	0	0	0	0	0	0	0	0	0	7788	0	0	0	0	0	0	0	0	0	0	0	0	0	0	0	0	0	0	0	0	0	0	0	29400	0	0	0	0	0	0	0	0	0	0	0	0	0	0	0	0	0	60181	29098	0	0	0	0	0	0	0	0	0	0	0	0	0	0	0	0	0	0	0	0	0	0	0	0	0	0	0	0	0	0	0	0	0	0	0	0	0	0	0	0	0	0	0	0	0	0	0	0	0	0	0	0	0	0	0	0	0	0	0	0	0	0	0	0	10	0	0	0	0	0	0	0	0	0	0	0	0	0	35155	21152	0	0	0	0	0	0	0	0	0	0	0	0	0	0	0	0	0	0	0	0	5	2	0	0	0	19	0	72008	159	0	0	0	0	0	0	2	0	0	0
C[T>G]G	0	0	0	0	0	0	30027	0	0	0	0	15	10430	0	46641	0	25125	0	0	0	0	0	0	0	0	0	0	0	0	0	0	0	0	0	0	0	0	0	0	0	0	0	0	0	0	0	0	0	0	0	0	0	0	0	0	0	0	0	0	0	0	0	0	0	0	0	0	0	0	0	0	0	0	0	0	0	0	0	0	0	0	0	0	0	0	9294	19045	0	0	0	0	0	0	0	0	0	0	0	0	0	0	0	0	0	0	0	38356	0	0	0	0	0	0	0	0	0	0	0	0	0	1	0	0	0	11253	58	0	26554	0	0	0	0	0	0	0	0	0	0	0	12432	0	0	0	67255	1	0	69	0	0	0	0	0	6526	0	0	0	0	2	0	0	0	0	25	0	0	0	0	36	29736	13	21994	2	0	0	1
C[T>G]T	0	0	0	0	0	0	0	0	0	0	0	1	13132	0	1	0	0	0	0	0	0	0	0	0	0	0	0	0	0	0	0	0	0	0	0	0	0	0	0	0	0	0	0	0	0	0	0	0	0	0	0	0	0	0	0	0	0	0	0	0	0	0	0	0	0	0	0	0	0	0	0	0	0	0	0	0	0	0	0	0	0	0	0	0	0	0	0	0	0	0	0	0	0	0	0	0	0	0	0	0	0	0	0	0	0	0	0	0	0	0	0	0	0	0	0	0	0	0	0	0	231751	0	0	0	0	0	0	0	0	0	0	0	0	0	0	0	0	0	0	0	40750	0	0	0	0	0	0	0	0	0	0	0	0	0	0	0	0	103513	83983	0	0	0	0	0	0	0	0	0	0	0	0	1	1	0	4
G[C>A]A	301006	0	0	0	0	0	0	0	0	0	0	15	16884	0	0	0	0	0	0	0	0	0	0	0	0	0	0	0	0	0	0	0	6	0	0	0	0	0	0	0	0	0	0	0	0	0	0	0	0	0	0	0	0	4	0	0	0	0	0	0	0	0	2	0	0	0	0	0	0	1	1	0	0	0	0	0	0	0	0	0	0	0	0	0	14	0	0	0	0	0	0	0	0	0	0	0	0	2	0	0	0	0	0	4	4	0	0	0	0	0	0	0	0	0	0	0	0	0	0	0	4	0	0	0	1906	0	0	0	0	0	0	0	0	0	0	25	331	0	0	1349	0	0	0	0	2872	22286	24448	18155	0	0	36505	21523	9250	41182	25574	0	0	1	0	0	0	0	22805	0	0	0	0	9902	0	12661	5263	0	0	0	0
G[C>A]C	0	0	0	0	0	0	0	0	0	0	0	17	6911	0	0	0	0	0	5	1	0	0	0	0	0	0	2	0	1	0	0	0	0	0	0	0	0	0	0	1	0	12	0	0	0	0	0	0	0	0	0	0	0	0	0	0	0	0	0	0	0	0	0	0	0	0	0	0	0	0	0	0	0	0	1	1	0	0	0	0	0	0	0	0	0	0	0	0	0	0	0	0	0	0	0	0	0	0	0	0	0	0	0	0	0	0	0	0	0	0	0	0	0	0	0	0	0	0	0	0	1436	0	6	0	0	0	0	0	0	21844	93116	0	0	0	2	0	0	67762	71295	0	0	0	0	0	0	0	0	0	0	0	0	0	0	0	0	0	0	0	0	0	0	0	0	0	0	0	0	0	0	0	0	1	0	0	0
G[C>A]G	0	0	0	0	0	0	0	0	0	0	0	19	9334	0	0	0	0	0	0	44	0	0	0	0	0	0	0	0	0	0	0	0	0	0	0	0	25048	0	0	0	0	0	0	0	0	0	0	0	0	0	0	0	0	0	63646	29791	0	0	0	0	0	0	0	0	0	0	0	0	0	0	0	0	0	0	0	0	0	0	0	0	0	0	0	0	0	0	0	0	0	0	0	0	0	0	0	0	0	0	0	0	0	0	0	0	0	0	0	0	0	0	0	0	0	0	0	0	0	0	0	0	1	0	0	0	2243	0	0	0	0	0	0	0	0	0	0	0	368	0	0	1287	0	0	0	0	3539	3457	19346	6956	0	0	16665	9404	4933	24802	13331	0	0	1	0	0	0	0	11989	0	0	0	0	4731	0	8024	2104	0	0	0	0
G[C>A]T	0	22506	41584	0	29450	63013	0	15646	20853	31818	42965	17	22477	0	0	47990	0	0	17	0	0	0	0	0	23999	30071	7	1	5	3	0	0	0	0	0	0	0	0	0	0	0	0	0	0	0	0	0	0	0	0	0	0	0	0	0	0	0	0	0	0	0	0	0	0	0	0	0	0	0	0	0	0	0	7	0	0	0	0	0	0	0	0	0	0	0	0	0	0	0	0	0	0	0	0	0	0	0	0	0	0	0	0	0	0	0	0	0	0	0	0	0	0	0	55633	0	0	0	0	0	80280	1	2	1	6523	21	55693	3	17	5	0	0	0	0	3	5	16	0	0	0	1	0	171251	0	10	4	3	3	6	0	0	0	0	5	0	0	2	0	0	0	2	0	0	0	0	0	0	0	0	1	4	5	0	0	0	1
G[C>G]A	0	0	0	0	0	0	0	0	0	0	0	3	7035	0	0	0	0	0	0	0	0	0	0	0	0	0	0	0	0	104136	0	0	0	0	0	0	0	0	0	0	0	0	0	0	0	0	0	0	0	0	0	0	0	0	0	0	0	0	0	0	0	0	0	0	0	0	0	0	0	0	0	0	0	9	0	0	0	0	0	0	0	0	0	0	17	0	0	0	0	0	0	0	0	0	0	0	0	2	0	0	0	0	0	0	0	0	0	0	0	0	0	6	0	0	4	0	0	0	0	0	0	6	0	0	1413	0	0	0	0	0	0	0	0	11	5	8	229	0	0	1296	0	0	0	0	2165	4492	7420	12018	0	0	16114	6375	5343	8772	5830	0	0	1	0	0	0	0	13201	0	0	0	0	7846	0	6845	2231	3	0	0	0
G[C>G]C	0	0	0	0	0	0	0	0	0	0	0	1	13729	0	0	0	0	0	0	16	0	0	0	0	0	0	0	0	0	0	0	0	0	27481	0	0	3	0	0	24	0	29661	0	0	0	0	0	3259	74753	0	0	0	0	0	1	1	0	5463	0	0	0	0	0	0	0	0	0	0	0	0	0	0	0	0	5607	6162	0	0	0	0	0	62816	18	0	0	0	0	0	0	29746	35194	3	0	0	0	0	0	0	0	0	0	0	0	0	0	0	0	0	0	0	0	0	0	0	0	0	0	0	0	0	1	0	0	0	0	0	0	0	0	5	21	0	0	0	19	4	0	0	0	0	0	0	0	0	0	0	0	0	0	0	0	0	0	0	0	0	0	2	0	0	0	0	0	0	0	0	0	0	0	0	0	2	0	0	0
G[C>G]G	0	0	0	0	0	0	0	0	0	0	0	3361	12	0	0	0	0	0	0	0	0	0	0	0	0	0	0	0	0	0	0	37959	0	0	0	0	0	0	0	0	0	0	0	0	0	0	0	0	0	0	2	0	0	0	0	0	0	0	0	0	0	4	0	0	0	0	0	0	0	11399	852	0	0	0	0	0	0	0	0	0	1	0	0	0	3	0	0	0	0	0	0	0	0	0	0	0	0	2	0	0	0	0	0	0	0	0	0	4143	1871	0	0	0	6595	0	0	0	0	6794	2250	0	15	0	0	0	55	0	0	0	0	0	0	0	0	0	0	0	29	0	0	34	3	0	0	0	7	0	24	0	0	0	59	5	34	16	0	0	0	3	1	0	0	0	35	0	0	0	0	0	0	56	28	0	0	0	0
G[C>G]T	0	0	0	0	0	0	0	0	0	0	0	6	45100	0	0	0	0	0	0	12	0	0	0	0	0	0	0	0	0	0	0	1	0	24065	0	0	0	0	0	4	0	0	0	0	0	0	0	12	127039	0	0	0	0	0	1	0	0	27	0	0	0	0	0	0	0	0	0	0	0	0	0	0	0	0	49399	58	0	0	0	0	0	0	0	0	0	0	0	0	0	39482	2	0	0	0	0	0	0	0	0	0	0	0	0	0	0	0	0	0	0	0	0	0	0	126165	0	0	0	0	0	45808	1	0	0	23103	54	81734	0	11	1	1	6	0	0	0	5	0	0	0	0	7	0	243147	0	10	2	6	2	16	0	0	0	0	3	0	0	0	0	0	0	0	0	0	0	0	0	0	0	1	1	0	6	2	0	0	0
G[C>T]A	0	0	0	0	0	0	0	0	0	0	0	2	18977	0	0	0	0	0	0	0	0	0	0	0	0	0	0	0	0	0	0	0	0	0	0	0	0	0	0	0	0	0	0	0	0	0	0	0	0	7	0	0	0	0	0	0	0	0	0	0	0	0	0	0	0	0	0	0	0	0	0	0	0	0	0	0	0	0	0	0	0	0	0	10	14	0	0	2	0	0	0	0	0	0	0	0	0	0	0	0	0	0	0	0	0	0	0	0	0	0	0	0	0	0	0	0	0	0	0	0	3563	1	22	0	0	0	0	0	0	463	154292	0	0	0	0	0	0	2628	220883	0	0	0	0	0	0	0	0	0	1	0	0	0	0	0	0	0	0	2	0	0	0	0	0	0	0	0	0	0	0	0	0	6	1	0	2
G[C>T]C	0	0	0	0	0	0	0	0	0	0	0	1	24914	0	0	0	0	0	0	28	0	0	0	0	0	0	0	0	0	0	0	0	0	0	0	0	0	0	0	10	0	4	0	0	0	0	0	0	0	0	0	0	0	0	0	0	0	0	0	0	0	0	0	0	0	0	0	0	0	0	0	0	0	0	0	1	0	0	0	0	0	0	0	0	0	0	0	0	0	0	0	0	0	0	0	0	0	0	0	0	0	0	0	0	0	0	0	0	0	0	0	0	0	0	0	0	0	0	0	0	4072	1	27	0	0	0	0	0	0	844	418319	0	0	0	0	0	0	1576	448541	0	0	0	0	0	0	0	0	0	0	0	0	0	0	0	0	0	0	4	0	0	0	0	0	0	0	0	0	0	0	0	0	6	1	0	2
G[C>T]G	0	0	0	0	0	0	0	0	0	0	0	6	33108	0	0	0	0	0	0	2	0	0	0	0	0	0	0	0	0	0	0	0	0	0	0	0	59275	0	0	0	0	0	0	0	0	0	0	0	0	0	0	0	0	0	153272	102825	0	0	0	0	0	0	0	0	0	0	0	0	0	0	0	0	0	0	0	0	0	0	0	0	0	0	0	0	0	0	0	0	0	0	0	0	0	0	0	0	0	0	0	0	0	0	0	0	0	0	0	0	0	0	0	0	0	0	0	0	0	0	0	0	42	0	0	0	7696	0	0	0	0	0	0	0	0	0	0	0	88258	0	0	4890	0	0	0	0	19035	0	65288	0	0	0	0	0	12577	2	0	0	0	7	0	0	0	0	2248	0	0	0	0	0	0	25004	313	6	3	0	2
G[C>T]T	0	0	0	0	0	0	0	0	0	0	0	34	62775	0	0	0	0	0	0	8	0	0	0	0	0	0	0	0	0	0	0	0	0	30429	0	0	7	0	0	17	1	169518	0	0	0	0	0	27644	169310	0	0	0	0	0	3	2	0	65579	0	0	0	0	0	0	0	0	0	0	0	0	0	0	0	0	0	124950	0	0	0	0	0	18	388139	0	0	0	0	0	0	10	93033	14	0	2	0	0	0	0	0	0	0	0	0	0	0	0	0	0	0	0	0	0	0	197301	0	0	0	0	0	272028	6	6	0	29847	57	163756	0	42	0	6	10	0	0	0	15	18	0	2	5	6	0	408712	0	123	11	4	2	59	0	0	0	0	19	0	0	0	0	8	0	0	0	0	2	0	0	0	0	0	1	6	17	2	1	0	0
G[T>A]A	0	0	0	0	0	0	0	0	0	0	0	5509	49	0	0	0	0	0	0	0	0	0	0	0	0	0	3	31	57	914	0	0	0	0	0	0	0	0	0	0	0	0	0	0	0	0	0	0	0	118449	0	0	0	0	0	0	0	0	0	0	0	0	0	0	0	0	0	0	0	17083	796	0	0	8	0	0	0	0	0	0	0	0	0	0	1	0	0	0	0	0	0	0	0	0	0	0	0	2	0	0	0	0	0	0	0	0	0	18388	1751	0	0	3	29122	0	2	0	0	20097	21091	0	7	5	0	0	3	0	0	0	0	0	0	0	0	1	4	4	158	0	0	0	0	0	0	0	12	13	47	29	0	0	303	6	4	26	6	0	0	1	0	0	0	0	121	0	0	0	0	0	0	48	18	2	0	0	1
G[T>A]C	0	0	0	0	0	0	0	0	0	0	0	0	90978	0	0	0	0	0	0	694398	0	0	0	0	0	0	0	0	0	0	0	0	0	31540	0	0	13	0	0	35	0	270943	0	0	0	0	0	3862	162861	0	0	0	0	0	3	0	0	6516	0	0	0	0	0	0	0	0	0	0	0	0	0	0	0	0	0	16359	0	0	0	0	0	403960	0	0	0	0	0	0	0	3	137260	0	0	0	0	0	0	0	0	0	0	0	0	0	0	0	0	0	0	0	0	0	0	0	0	0	0	0	0	0	0	0	0	0	0	0	0	0	0	0	8	0	0	0	12	0	0	1	2	0	0	0	0	0	0	0	0	0	0	0	0	0	0	0	0	0	0	0	0	0	0	0	0	0	0	0	0	0	0	0	0	0	0	0	0
G[T>A]G	0	0	0	0	0	0	0	0	0	0	0	5	85465	0	0	0	0	0	0	0	0	0	0	0	0	0	0	0	0	0	0	0	0	0	0	0	300	0	0	0	0	0	0	0	0	0	0	0	0	0	483315	557412	0	0	1	28	0	0	0	0	0	0	0	0	0	0	0	0	0	0	0	0	0	0	0	0	0	0	0	0	0	0	0	0	22	0	0	0	0	0	0	0	0	0	0	0	0	6	0	0	0	0	0	0	0	0	0	0	0	0	0	0	0	0	0	0	0	0	0	0	17	0	0	0	8023	0	0	0	0	0	0	0	0	0	1	0	834	0	0	7275	0	0	0	3	17088	63389	84604	79475	0	0	101979	105868	47916	145286	118296	0	0	1	0	0	0	0	105809	0	0	0	0	54669	13	54876	43960	1	0	0	0
G[T>A]T	0	0	0	0	0	0	0	0	0	0	0	0	16739	0	0	0	0	0	0	198251	0	0	0	0	0	0	0	0	0	0	0	18	0	0	0	0	14	0	0	0	0	0	0	0	0	0	0	0	0	0	0	0	0	0	2	0	0	0	0	0	0	0	0	0	0	0	0	0	0	0	0	0	0	0	0	0	0	0	0	0	0	0	0	0	0	0	0	0	0	0	0	0	0	1	0	0	0	0	0	0	0	0	0	0	0	0	0	0	0	0	0	0	0	31535	0	0	0	0	0	62661	14	0	0	7417	72	48811	0	45	0	0	1	0	0	0	3	0	2	0	0	18	0	125681	0	72	16	12	10	19	0	0	0	0	6	0	0	0	0	0	0	0	0	0	2	0	0	0	0	2	3	0	0	1	0	0	0
G[T>C]A	0	0	0	0	0	0	0	0	0	0	0	15664	82	0	0	0	0	0	0	0	0	0	0	0	0	0	45	30	33	3817	0	0	0	0	0	0	0	0	0	0	0	0	0	0	0	0	0	0	0	335489	0	0	0	3	0	0	0	0	0	0	0	0	0	0	0	0	0	0	0	0	0	0	0	8	0	0	0	0	0	0	0	0	0	0	0	0	0	0	0	0	0	0	0	0	0	0	0	0	0	0	0	0	0	0	0	0	0	0	0	0	0	11	0	0	8	0	0	0	0	0	4	5	0	0	0	0	0	0	0	0	0	0	0	13	625	926	0	0	0	0	0	0	0	0	0	0	0	0	0	0	0	0	0	0	0	0	1	2	0	0	135	916	0	4	335	0	0	0	0	0	0	1	0	0	1
G[T>C]C	0	0	0	0	0	0	0	0	0	0	0	12328	80	0	0	0	0	0	0	35	0	0	0	0	0	0	0	0	0	0	0	0	0	225	0	0	1	0	0	42	275	541	0	0	0	0	0	4	798	266958	0	0	0	0	1	0	0	29	0	0	0	0	0	0	0	0	0	209	0	0	0	0	0	17	75	257	0	0	0	0	0	1107	48	0	0	0	0	0	0	13	14	1	0	0	0	0	0	0	0	0	0	0	0	0	0	0	0	0	0	0	0	1	0	0	2	0	0	0	0	0	3	1	0	0	0	0	0	0	0	8	31	0	0	0	19	0	0	0	3	0	0	0	0	0	0	0	0	0	0	0	0	0	0	0	0	13	0	2	0	13	0	0	0	0	0	1	2	0	0	0	0	2	3	0	0
G[T>C]G	0	0	0	0	0	0	0	0	0	0	0	12	28972	0	0	0	0	0	0	0	0	0	0	0	0	0	0	0	0	0	0	0	0	0	0	0	59630	0	0	0	0	0	0	0	0	0	0	0	0	0	0	0	0	0	139144	85706	0	0	0	0	0	0	0	0	0	0	0	0	0	0	0	0	0	0	0	0	0	0	0	0	0	0	0	0	0	0	0	0	0	0	0	0	0	0	0	0	0	0	0	0	0	0	0	0	0	0	0	0	0	0	0	0	0	0	0	0	0	0	0	0	46	0	0	0	0	0	0	0	0	0	0	0	0	0	94265	38034	0	0	0	0	0	0	0	0	0	0	0	0	0	0	0	0	0	0	0	0	3	3	0	0	17421	60831	0	13	74618	0	0	0	0	0	0	5	2	0	1
G[T>C]T	0	0	0	0	0	0	0	0	0	0	0	11	30134	0	0	0	0	0	0	932	0	0	0	0	0	0	0	0	0	0	0	0	0	21953	0	0	0	0	0	41	0	60424	0	0	0	0	0	13419	80575	0	0	0	0	0	3	0	0	28163	0	0	0	0	0	0	0	0	0	0	0	0	0	0	0	0	0	55074	0	0	0	0	0	173508	0	0	0	0	0	0	0	4	56864	65	0	0	0	0	0	0	0	0	0	0	0	0	0	0	0	0	0	0	0	0	0	0	0	0	0	0	0	0	37	2	1	0	0	0	0	0	0	5	12	0	0	0	109434	95156	0	2	6	0	0	0	0	0	0	0	0	0	0	0	0	0	0	0	0	0	0	2	0	0	39	182	0	560	251888	0	0	0	0	0	0	4	0	0	1
G[T>G]A	0	0	0	0	0	0	0	0	0	0	0	3602	20	0	0	0	0	0	0	0	0	0	0	0	0	0	0	0	0	598	0	0	0	0	0	0	0	0	0	0	0	0	0	0	0	0	0	0	0	61413	0	0	0	0	0	0	0	0	0	0	0	0	0	0	0	0	0	0	0	8344	425	0	0	4	0	0	0	0	0	0	0	0	0	0	2	0	0	0	0	0	0	0	0	0	0	0	0	4	0	0	0	0	0	0	0	0	0	10021	957	0	0	3	13104	0	2	0	0	11901	12906	0	0	4	0	0	4	0	0	0	0	0	0	0	0	7	0	3	87	0	0	1	0	0	0	0	11	6	46	11	0	0	332	7	1	63	0	0	0	0	0	0	0	0	56	0	0	0	0	1	0	32	21	1	0	0	0
G[T>G]C	0	0	0	0	0	0	0	0	0	0	0	4077	21	0	0	0	0	0	0	3	0	0	0	0	0	0	0	0	0	0	0	0	0	70	0	0	0	0	0	5	66	178	0	0	0	0	0	6	130	103639	0	0	0	0	0	0	0	52	0	0	0	0	0	0	0	0	0	188	0	0	0	0	0	4	3	80	0	0	0	0	0	282	44	0	0	0	0	0	0	2	5	0	0	0	0	0	0	0	0	0	0	0	0	0	0	0	0	0	0	0	0	0	0	0	0	0	0	0	0	0	1	0	0	0	0	0	0	0	0	3	11	0	0	0	7	0	0	0	0	0	0	0	0	0	0	0	0	0	0	0	0	0	0	0	0	2	0	0	0	1	0	0	0	0	0	0	0	0	0	0	0	0	0	0	1
G[T>G]G	0	0	0	0	0	0	0	0	0	0	0	5346	26	0	0	0	0	0	0	0	0	0	0	0	0	0	0	0	0	0	0	108816	0	0	0	0	0	0	0	0	0	0	0	0	0	0	0	0	0	0	8	20	0	0	0	0	0	0	0	0	0	6	0	0	0	0	0	0	0	25166	1699	0	0	0	0	0	0	0	0	0	0	0	0	0	3	0	0	0	0	0	0	0	0	0	0	0	0	5	0	0	0	0	0	0	0	0	0	14902	4327	0	0	0	23298	0	0	0	0	15894	13149	0	53	0	0	0	42	0	0	0	0	0	0	0	0	0	0	0	127	0	0	102	2	0	0	0	92	1	209	76	0	0	383	14	172	13	14	0	0	2	1	0	0	0	71	0	0	0	0	24	5	417	198	4	0	0	0
G[T>G]T	0	0	0	0	0	0	0	0	0	0	0	0	18390	0	0	0	0	0	0	2210	0	0	0	0	0	0	0	0	0	0	0	0	0	8796	0	0	0	0	0	3	22033	18	0	0	0	0	0	11365	38413	0	0	0	0	0	0	0	0	11665	0	0	0	0	0	0	0	0	52175	47627	0	0	0	0	0	0	22493	217	0	0	0	0	0	0	45	0	0	0	0	0	0	13772	43	3	0	3	0	0	0	0	0	0	0	0	0	0	0	0	0	0	0	0	0	0	0	50027	0	0	0	0	0	43060	17	0	1	8431	65	26951	0	25	1	0	3	0	0	0	3	1	0	1	1	8	0	102158	1	37	3	12	10	13	0	0	1	0	2	0	0	0	0	0	0	0	0	0	0	0	0	0	0	2	2	0	4	0	1	0	0
T[C>A]A	619677	0	0	0	0	0	0	0	0	0	0	2	37021	0	0	0	0	0	0	0	70722	0	0	0	0	0	0	0	0	0	43459	0	32151	0	0	0	0	0	0	0	0	0	0	0	0	0	0	0	0	0	0	0	0	19	0	0	0	0	23078	0	0	0	42512	8	1	1	0	0	0	0	0	0	0	0	0	0	234512	0	0	0	0	0	0	0	0	0	0	0	0	0	0	0	0	0	0	0	0	0	0	65401	0	0	0	22103	70434	0	0	0	0	0	0	0	0	0	0	0	1	0	0	0	2	0	0	0	0	0	0	0	0	0	0	0	0	0	0	7	0	0	0	0	0	0	0	0	0	0	0	0	0	0	0	0	0	0	0	0	0	1	0	0	2	1	0	0	1	0	0	0	0	0	0	1	0	0	0
T[C>A]C	0	0	0	0	0	0	0	0	0	0	0	4	14587	0	0	0	0	0	4	0	0	0	0	0	0	1	13	3	1	84	0	0	0	0	0	0	0	0	0	0	0	0	0	0	0	0	0	0	0	0	0	0	0	0	0	0	0	0	0	0	0	0	0	0	0	0	0	0	0	0	0	0	0	0	0	0	0	0	0	0	0	0	0	0	0	0	0	0	0	0	0	0	0	0	0	0	0	0	0	0	0	0	0	0	0	0	0	0	0	0	0	1	0	0	0	0	0	0	0	0	1130	0	37	0	0	0	0	0	0	66053	129972	0	0	0	0	0	0	208697	152547	0	0	0	0	0	0	0	0	0	0	0	0	0	0	0	0	0	0	0	0	0	0	0	0	0	0	0	0	0	0	0	0	3	0	0	0
T[C>A]G	2	8616	17678	0	16288	28270	0	7437	10725	10010	15559	2	11507	0	0	13097	0	0	6	0	0	0	0	0	24493	6364	1	1	1	1	0	0	12490	0	0	0	0	0	0	0	0	0	0	0	0	0	0	0	0	0	0	0	0	95	0	0	0	0	10183	0	0	0	10995	40	0	0	0	0	0	0	0	0	0	5	0	0	76509	0	0	0	0	0	0	0	0	0	0	0	0	0	0	0	14	0	0	0	0	0	0	25996	14	0	0	0	24727	0	0	0	0	0	0	2	0	0	3	2	11	0	0	0	1	2	0	0	0	0	0	0	0	0	0	0	0	2	3	4	0	0	0	0	0	0	0	0	0	0	0	0	0	0	0	0	0	0	0	0	0	0	0	0	0	0	0	0	0	0	1	0	0	0	0	0	0	0	0
T[C>A]T	1	69420	155097	0	139474	193119	0	74398	156980	115928	185805	27	108386	0	0	147421	0	0	25	0	0	0	0	0	115186	38276	1	0	10	8	0	0	41928	0	0	0	0	0	0	0	0	0	0	0	0	0	0	0	0	2	0	0	0	141397	0	0	0	0	58848	0	0	0	9	133081	0	0	0	0	0	0	0	0	0	23	0	0	167	0	0	0	0	0	0	0	0	0	0	0	0	0	0	0	13	0	0	0	0	0	0	0	190485	0	0	0	0	0	0	0	0	0	0	1	0	0	1	125258	690352	0	0	0	4	6	1	0	0	0	1	0	0	0	0	0	0	13	7	26	0	0	0	0	0	0	0	0	0	0	0	0	0	0	0	0	0	0	0	0	0	1	0	4	3	1	0	2	2	3	3	0	0	0	0	2	0	0	1
T[C>G]A	0	0	0	0	0	0	0	0	0	0	0	2	10722	0	0	0	0	0	0	0	0	0	0	0	0	0	0	0	0	0	0	0	12030	0	0	0	0	0	0	0	0	0	0	0	0	0	0	0	0	0	0	0	0	11	0	0	0	0	9396	0	0	0	20794	21	0	0	0	0	0	0	0	0	0	0	0	0	74180	0	0	0	0	0	0	0	0	0	0	0	0	0	0	0	1	0	0	0	0	0	0	29784	2	0	0	0	26237	0	0	0	0	0	0	0	0	0	0	0	0	0	0	0	4	36648	0	0	0	0	101413	0	0	0	0	0	0	30177	1	49	0	0	0	0	0	0	0	0	0	0	0	0	3	406	0	0	0	0	0	0	0	1	0	0	0	3	0	0	5	0	0	0	0	0	0	2	0	0	0
T[C>G]C	0	0	0	0	0	0	0	0	0	0	0	8	9178	0	0	0	0	0	0	0	0	0	0	0	0	0	23762	19782	0	106646	0	0	0	0	0	0	0	0	0	0	0	0	0	0	0	0	0	0	0	0	0	0	0	0	0	0	0	0	0	0	0	0	0	0	0	0	0	0	0	0	0	0	0	4	0	0	0	0	0	0	0	0	0	0	0	0	0	0	0	0	0	0	0	0	0	0	0	0	0	0	0	0	0	0	0	0	0	0	0	0	0	8	0	0	1	0	0	0	0	0	2	45358	1	0	0	0	7	0	0	0	0	0	0	34661	21	54	0	0	0	0	0	0	0	0	0	0	0	0	82364	665	0	0	0	0	0	0	0	2	0	0	0	0	0	0	0	0	0	0	0	0	0	0	0	0	0
T[C>G]G	0	0	0	19669	0	0	233	0	0	0	0	3979	29	16721	150	0	1272	0	0	0	0	3554	14078	0	0	0	0	0	0	0	0	54464	288	0	0	0	0	0	0	0	0	0	0	0	0	0	0	0	0	0	0	0	0	1	0	0	0	0	242	0	0	0	50	2	0	0	0	0	0	0	0	0	0	0	0	0	506	0	0	0	0	0	0	0	0	0	0	0	0	0	0	0	0	0	0	0	0	0	0	405	7	0	0	0	42	0	0	0	0	0	0	0	0	0	0	1	1	0	0	0	2	0	0	0	0	0	0	0	0	0	0	0	0	0	0	0	0	0	0	0	0	0	0	0	0	0	0	0	0	0	0	0	0	0	0	0	0	0	0	0	0	0	0	0	0	0	0	0	0	0	0	1	1	0	0
T[C>G]T	0	0	0	0	0	0	0	0	0	0	0	33	36136	0	0	0	0	0	0	0	0	0	0	0	0	0	0	0	0	0	0	0	18590	0	0	0	0	0	0	0	0	0	0	0	0	0	0	0	0	1	0	0	0	62614	0	0	0	0	27384	0	0	0	3	61882	0	0	0	0	0	0	0	0	0	0	0	0	272	0	0	0	0	0	0	0	0	0	0	0	0	0	0	0	25	0	0	0	0	0	0	107	94443	0	0	0	0	0	0	0	0	0	0	0	0	0	0	58941	231802	0	0	0	2	103442	0	0	0	0	0	0	0	0	0	0	0	62087	68	212	0	0	0	0	0	0	0	0	0	0	0	0	302875	546	0	0	0	0	0	0	0	4	0	0	1	1	0	2	3	0	0	0	0	0	0	3	2	0	2
T[C>T]A	0	0	0	0	0	0	0	0	0	0	0	9	179345	0	0	0	0	0	0	0	803181	0	0	454517	0	0	0	0	0	0	1517814	0	531272	0	0	0	0	0	0	0	0	0	0	0	0	0	0	0	0	0	0	0	0	18	0	0	0	0	314955	0	0	0	895106	41	710269	403132	0	0	0	0	0	0	0	0	0	0	166057	0	0	0	0	0	0	0	0	0	0	0	0	0	0	0	0	0	0	0	0	0	0	557411	57	0	0	599023	246802	0	0	0	0	0	0	0	0	0	0	0	0	0	0	0	4	0	0	0	0	0	0	0	0	0	0	0	0	0	0	18	0	0	0	0	0	0	0	0	0	0	0	0	0	0	0	0	0	0	0	0	0	2	0	0	4	15	0	10	41	0	0	0	0	0	0	1	0	0	0
T[C>T]C	3	0	0	0	0	0	0	0	0	0	0	23	158048	0	0	0	0	0	507262	0	0	0	0	0	0	0	622499	412465	770644	903720	0	0	2	0	0	0	0	0	0	0	0	0	0	0	0	0	0	0	0	2	0	0	0	1	0	0	0	0	0	0	0	0	0	0	0	0	0	0	0	6	9	0	0	41	0	0	0	0	0	0	0	0	0	359311	574242	0	0	429306	234571	0	0	0	0	0	0	0	0	602176	602550	0	0	383225	328818	0	0	0	0	2	0	0	0	29	0	0	8	0	0	0	0	0	12	19	1	0	0	0	4	0	0	0	0	0	0	21	19	41	0	0	0	0	0	0	0	0	0	0	0	0	0	0	0	0	0	0	0	0	0	5	0	3	0	0	0	0	0	3	7	0	0	0	0	7	1	0	2
T[C>T]G	0	0	0	220815	0	0	0	0	0	0	0	50454	240	207315	0	0	0	0	0	0	0	99260	325151	1	0	0	0	0	0	0	0	843302	1925	0	0	0	0	0	0	0	0	0	0	0	0	0	0	0	0	0	0	0	0	20	0	0	0	0	1295	0	0	0	267	11	237	22	0	0	0	0	0	0	0	0	0	0	444	0	0	0	0	0	0	0	0	0	0	0	0	0	0	0	1	0	0	0	0	0	0	2134	259	0	0	0	10	0	0	0	0	0	0	0	0	0	0	6	8	0	0	0	8	0	0	0	1215	295	0	646	0	0	0	0	0	0	0	2	0	0	0	768	0	0	0	3305	79	0	1	0	0	0	0	0	240	0	0	0	0	3	0	0	3	3	10	4	15	0	0	1	335	4	183	4	0	0	1
T[C>T]T	0	0	0	602560	0	0	0	0	0	0	0	155558	685	893563	0	0	0	0	0	0	0	494983	1648591	0	0	0	0	0	0	0	0	0	486	0	0	0	0	0	0	0	0	0	0	0	0	0	0	0	0	0	0	0	0	10	0	0	0	0	856	0	0	0	49	570	0	1	0	0	0	677811	180094	0	0	0	0	0	193	0	0	0	0	0	0	550	5209	0	0	835	839	0	0	0	341	0	0	0	0	2126	1120	1839	2213	1160	1566	0	0	0	0	334065	459317	0	0	0	608161	0	0	54	232	559265	518946	0	5	0	0	0	0	0	0	0	0	0	0	0	0	0	0	2	1	0	0	0	0	0	0	0	0	0	37	0	0	0	0	0	0	0	0	0	0	1	0	0	8	1	0	1	11	0	0	0	0	6	1	3	0	0	0
T[T>A]A	0	0	0	0	0	0	0	0	0	0	0	63	23561	0	0	0	0	0	0	0	68484	0	0	0	0	0	0	0	0	0	42627	0	83913	0	0	0	0	0	0	0	0	0	0	0	0	0	0	0	0	0	0	0	0	802	0	0	0	0	74154	0	0	0	39368	59	1	7	0	0	0	0	0	0	0	0	0	0	178544	0	0	0	0	0	0	0	0	0	0	0	0	0	0	0	0	0	0	0	0	0	0	25225	306359	0	0	19064	43746	0	0	0	0	0	0	0	0	0	0	1	2	0	0	0	3	0	0	0	0	0	0	0	0	0	0	0	0	0	0	0	0	0	0	0	0	0	0	0	0	0	0	0	0	0	0	0	0	0	0	0	1	0	0	0	9	3	0	4	4	71	0	0	0	0	0	0	0	0	0
T[T>A]C	0	0	0	0	0	0	0	0	0	0	0	2	9505	0	0	0	0	0	0	0	0	0	0	0	0	0	1	0	0	25	0	17	0	0	0	0	0	0	0	0	0	0	0	0	0	0	0	0	0	0	0	0	0	0	0	0	0	0	0	0	0	0	0	0	0	0	0	0	0	0	0	0	1	0	0	0	0	0	0	0	0	0	0	0	0	0	0	0	0	0	0	0	0	0	0	0	0	0	0	0	0	0	0	0	0	0	0	0	0	0	0	0	0	0	0	0	0	0	0	0	994	0	12	0	0	2	0	0	0	8	25031	0	0	0	0	0	0	97	105070	0	48566	0	0	0	0	0	0	0	0	0	0	0	0	0	0	0	0	0	35	0	0	0	0	0	0	0	0	0	0	0	0	127981	22984	5	68
T[T>A]G	0	0	0	0	0	0	0	0	0	0	0	0	7953	0	0	0	0	0	0	0	0	0	0	0	0	0	0	0	0	0	0	13	0	0	0	0	0	0	0	0	0	0	0	0	0	0	0	0	0	0	0	0	0	1	0	0	0	0	4	0	0	0	0	1	0	0	0	0	0	0	0	0	0	30504	0	0	0	0	0	0	0	0	0	0	0	0	0	0	0	0	0	0	0	0	0	0	0	0	0	0	0	0	0	0	1	0	0	0	0	0	0	32202	0	0	22651	0	0	0	0	0	1542	22	0	0	0	0	0	0	0	0	0	0	0	3	15	0	0	0	0	0	41539	0	0	0	0	0	0	0	0	0	0	0	0	0	0	16	0	75	71	39622	0	0	0	0	0	12085	15754	0	0	0	0	122778	28662	3	149
T[T>A]T	0	0	0	0	0	0	0	0	0	0	0	53	46745	0	0	0	0	0	0	0	0	0	0	0	0	0	0	0	0	0	0	21	0	0	0	0	0	0	0	0	0	0	0	0	0	0	0	0	0	0	0	0	0	4	0	0	0	0	1	0	0	0	0	6	0	0	0	0	0	0	0	0	0	179937	0	0	0	0	0	0	0	0	0	0	0	0	0	0	0	0	0	0	0	0	0	0	0	0	0	0	0	0	0	0	0	0	0	0	0	0	0	98429	0	6	122957	0	1	0	0	0	5294	10	0	2	10	7	43	0	0	0	0	0	0	19	56	0	0	0	0	0	202989	0	0	0	0	0	0	0	1	20	0	0	0	0	0	303826	0	67	88	249621	0	0	0	0	0	229280	236	0	0	0	0	613634	94814	308	233
T[T>C]A	0	0	0	0	0	0	0	0	0	0	0	2	28523	0	0	0	0	0	0	0	0	0	0	0	0	0	0	0	0	0	0	0	19304	0	0	0	0	0	0	0	0	0	0	0	0	0	0	0	0	0	0	0	0	505	0	0	0	0	18400	0	0	0	41475	172	0	0	0	0	0	0	0	0	0	0	0	0	220578	0	0	0	0	0	0	0	0	0	0	0	0	0	0	0	0	0	0	0	0	0	0	56238	79	0	0	0	70441	0	0	0	0	0	0	0	0	0	0	0	0	0	0	0	6	0	0	0	0	0	2	0	0	0	0	0	0	360	76432	77483	0	0	0	0	0	0	0	0	0	0	0	0	1	7	0	0	0	0	0	21	8	2	0	6	6	2	0	0	1	12	0	0	0	0	0	4	1	0	0
T[T>C]C	0	0	0	0	0	0	0	0	0	0	0	18	25373	0	0	0	0	0	0	0	0	0	0	0	0	0	0	0	0	341974	0	0	0	0	0	0	0	0	0	0	0	0	0	0	0	0	0	0	0	0	0	0	0	0	0	0	0	0	0	0	0	0	0	0	0	0	0	0	0	0	0	0	0	2	0	0	0	0	0	0	0	0	0	0	0	0	0	0	0	0	0	0	0	0	0	0	0	0	0	0	0	0	0	0	0	0	0	0	0	0	0	26	0	0	1	0	0	0	0	0	8	17	0	0	1228	0	0	0	0	0	0	0	0	7	26	8	94	0	0	1358	0	0	0	126	2257	14724	25983	45693	0	0	43372	19701	14814	45578	29187	0	0	3	2	0	0	0	10347	0	0	0	0	4899	10499	25907	8206	13	2	43	22
T[T>C]G	0	0	0	0	0	0	0	0	0	0	0	3	27679	0	0	0	0	0	0	0	0	0	0	0	0	0	0	0	0	0	0	0	0	0	0	0	0	0	0	0	0	0	0	0	0	0	0	0	0	0	0	0	0	0	0	0	0	0	0	0	0	0	0	0	0	0	0	0	0	0	0	0	0	68575	0	0	0	0	0	0	0	0	0	0	0	0	0	0	0	0	0	0	0	0	0	0	0	0	0	0	0	0	0	0	0	0	0	0	0	0	0	52618	0	0	41221	0	0	0	0	0	4781	75	0	0	0	0	0	0	0	0	0	0	0	1	48	0	0	0	0	0	80754	0	0	0	0	0	0	0	1	1	0	0	0	0	0	128	0	451	1581	66735	0	0	0	0	0	59082	24	0	0	0	0	172	99940	443	131846
T[T>C]T	0	0	0	0	0	0	0	0	0	0	0	37	46843	0	0	0	0	0	0	0	0	0	0	0	0	0	0	0	0	0	0	0	0	0	0	0	0	0	0	0	0	0	0	0	0	0	0	0	0	0	0	0	0	0	0	0	0	0	0	0	0	0	0	0	0	0	0	0	0	0	0	0	0	169210	0	0	0	0	0	0	0	0	0	0	0	0	0	0	0	0	0	0	0	0	0	0	0	0	0	0	0	0	0	0	0	0	0	0	0	0	0	76982	0	0	93406	0	0	0	0	0	6971	50	0	0	0	0	38	0	0	0	0	0	0	15	65	1	5	0	0	8	172810	0	0	0	0	0	1	0	1	9	1	1	10	0	0	441372	0	244	1482	154982	0	0	0	0	0	137491	484	0	0	0	0	230	170299	463999	345932
T[T>G]A	0	0	0	0	0	0	0	0	0	0	0	12	10470	0	0	0	0	0	0	0	0	0	0	0	0	0	0	0	0	0	1	0	6801	0	0	0	0	0	0	0	0	0	0	0	0	0	0	0	0	0	0	0	0	52	0	0	0	0	6723	0	0	0	21081	63	0	0	0	0	0	0	0	0	0	0	0	0	105676	0	0	0	0	0	0	0	0	0	0	0	0	0	0	0	1	0	0	0	0	0	0	19303	13	0	0	0	26444	0	0	0	0	0	0	0	0	0	0	1	1	0	0	0	4	0	0	0	0	0	1	0	0	0	0	0	0	1	32852	27530	0	0	0	0	0	0	0	0	0	0	0	0	15	2	0	0	0	0	0	0	100222	2	0	2	1	1	0	7	4	17	0	0	0	0	0	1	0	0	0
T[T>G]C	0	0	0	0	0	0	0	0	0	0	0	7	12014	0	0	0	0	0	0	0	0	0	0	0	0	0	39418	14185	0	165164	0	0	0	0	0	0	0	0	0	0	0	0	0	0	0	0	0	0	0	0	0	0	0	0	0	0	0	0	0	0	0	0	0	0	0	0	0	0	0	0	0	0	0	1	0	0	0	0	0	0	0	0	0	0	0	0	0	0	0	0	0	0	0	0	0	0	0	0	0	0	0	0	0	0	0	0	0	0	0	0	0	13	0	0	0	0	0	0	0	0	171	2	0	0	0	0	0	0	0	0	0	0	0	2	46031	31015	0	0	0	0	0	0	0	0	0	0	0	0	0	0	0	0	0	0	0	0	6	1	0	0	1	30	0	140243	473	0	0	0	0	0	0	1	0	0	0
T[T>G]G	0	0	0	0	0	0	55877	0	0	0	0	9	22723	0	45555	0	52906	0	0	0	0	0	0	0	0	0	0	0	0	0	6	0	15654	0	0	0	0	0	0	0	0	0	0	0	0	0	0	0	0	2	0	0	0	91	0	0	0	0	11596	0	0	0	30865	153	0	0	0	0	0	0	0	0	0	0	0	0	206596	0	0	0	0	0	0	0	0	21015	49075	0	0	0	0	0	0	0	0	0	0	0	0	38883	9	0	0	1	64623	0	116911	0	0	0	0	0	0	0	0	6	1	0	0	0	8223	0	0	0	0	0	0	0	0	0	0	0	0	0	0	0	0	0	0	0	0	0	0	0	0	0	0	0	0	0	0	0	0	0	0	1	0	1	0	1	0	0	0	1	3	286	1	0	0	0	0	2	0	0	0
T[T>G]T	0	0	0	0	0	0	0	0	0	0	0	39	26931	0	0	0	0	0	0	0	0	0	0	0	0	0	0	0	0	0	0	0	1	0	0	0	0	0	0	0	0	0	0	0	0	0	0	0	0	0	0	0	0	3	0	0	0	0	0	0	0	0	0	1	0	0	0	0	0	0	0	0	0	78558	0	0	0	0	0	0	0	0	0	0	0	0	0	0	0	0	0	0	0	0	0	0	0	0	0	0	0	0	0	0	1	0	0	0	0	0	0	52531	0	0	42009	0	0	0	0	0	808060	25	0	0	0	0	28	0	0	0	0	0	0	17	51	1	0	0	0	0	0	0	0	0	0	0	0	0	0	4	0	0	0	0	0	298834	0	2	0	111468	0	0	0	0	0	99786	185	0	0	0	0	5	0	0	1
